{"controlador.ed.listas.pilas.Pilas":{"pila":{"cabecera":{"info":{"@class":"string","$":"Se ha guardado una sucursal 23:37:02.384757"},"sig":{"info":{"@class":"string","$":"Se ha guardado una venta 23:32:19.014329"},"sig":{"info":{"@class":"string","$":"Se ha guardado una venta 23:31:25.526619"},"sig":{"info":{"@class":"string","$":"Se ha guardado una sucursal 23:30:42.636095"},"sig":{"info":{"@class":"string","$":"Se ha guardado una sucursal 23:29:10.805821"},"sig":{"info":{"@class":"string","$":"Se ha guardado una sucursal 22:47:54.918647"},"sig":{"info":{"@class":"string","$":"Se ha guardado una sucursal 22:13:33.391967"},"sig":{"info":{"@class":"string","$":"Se ha guardado una venta 21:29:34.365457"},"sig":{"info":{"@class":"string","$":"Se ha guardado una sucursal 21:29:03.931953"},"sig":{"info":{"@class":"string","$":"Se ha guardado una sucursal 13:28:26.257744"}}}}}}}}}}},"size":10,"top":20}}}