{"controlador.ed.listas.enlazadas.ListaEnlazada":{"cabecera":{"info":{"@class":"sucursal","id":1,"nombre":"Catamayo","ventas":{"cabecera":{"info":{"@class":"modelo.Venta","id":0,"valor":45,"mes":"ENERO"},"sig":{"info":{"@class":"modelo.Venta","id":1,"valor":0,"mes":"FEBRERO"},"sig":{"info":{"@class":"modelo.Venta","id":2,"valor":0,"mes":"MARZO"},"sig":{"info":{"@class":"modelo.Venta","id":3,"valor":32,"mes":"ABRIL"},"sig":{"info":{"@class":"modelo.Venta","id":4,"valor":0,"mes":"MAYO"},"sig":{"info":{"@class":"modelo.Venta","id":5,"valor":0,"mes":"JUNIO"},"sig":{"info":{"@class":"modelo.Venta","id":6,"valor":0,"mes":"JULIO"},"sig":{"info":{"@class":"modelo.Venta","id":7,"valor":32,"mes":"AGOSTO"},"sig":{"info":{"@class":"modelo.Venta","id":8,"valor":0,"mes":"SEPTIEMBRE"},"sig":{"info":{"@class":"modelo.Venta","id":9,"valor":0,"mes":"OCTUBRE"},"sig":{"info":{"@class":"modelo.Venta","id":10,"valor":0,"mes":"NOVIEMBRE"},"sig":{"info":{"@class":"modelo.Venta","id":11,"valor":0,"mes":"DICIEMBRE"}}}}}}}}}}}}},"size":12}},"sig":{"info":{"@class":"sucursal","id":2,"nombre":"Loja","ventas":{"cabecera":{"info":{"@class":"modelo.Venta","id":0,"valor":23,"mes":"ENERO"},"sig":{"info":{"@class":"modelo.Venta","id":1,"valor":0,"mes":"FEBRERO"},"sig":{"info":{"@class":"modelo.Venta","id":2,"valor":0,"mes":"MARZO"},"sig":{"info":{"@class":"modelo.Venta","id":3,"valor":0,"mes":"ABRIL"},"sig":{"info":{"@class":"modelo.Venta","id":4,"valor":0,"mes":"MAYO"},"sig":{"info":{"@class":"modelo.Venta","id":5,"valor":0,"mes":"JUNIO"},"sig":{"info":{"@class":"modelo.Venta","id":6,"valor":0,"mes":"JULIO"},"sig":{"info":{"@class":"modelo.Venta","id":7,"valor":0,"mes":"AGOSTO"},"sig":{"info":{"@class":"modelo.Venta","id":8,"valor":0,"mes":"SEPTIEMBRE"},"sig":{"info":{"@class":"modelo.Venta","id":9,"valor":0,"mes":"OCTUBRE"},"sig":{"info":{"@class":"modelo.Venta","id":10,"valor":0,"mes":"NOVIEMBRE"},"sig":{"info":{"@class":"modelo.Venta","id":11,"valor":0,"mes":"DICIEMBRE"}}}}}}}}}}}}},"size":12}},"sig":{"info":{"@class":"sucursal","id":3,"nombre":"Quito","ventas":{"cabecera":{"info":{"@class":"modelo.Venta","id":0,"valor":0,"mes":"ENERO"},"sig":{"info":{"@class":"modelo.Venta","id":1,"valor":0,"mes":"FEBRERO"},"sig":{"info":{"@class":"modelo.Venta","id":2,"valor":0,"mes":"MARZO"},"sig":{"info":{"@class":"modelo.Venta","id":3,"valor":0,"mes":"ABRIL"},"sig":{"info":{"@class":"modelo.Venta","id":4,"valor":0,"mes":"MAYO"},"sig":{"info":{"@class":"modelo.Venta","id":5,"valor":0,"mes":"JUNIO"},"sig":{"info":{"@class":"modelo.Venta","id":6,"valor":0,"mes":"JULIO"},"sig":{"info":{"@class":"modelo.Venta","id":7,"valor":0,"mes":"AGOSTO"},"sig":{"info":{"@class":"modelo.Venta","id":8,"valor":0,"mes":"SEPTIEMBRE"},"sig":{"info":{"@class":"modelo.Venta","id":9,"valor":0,"mes":"OCTUBRE"},"sig":{"info":{"@class":"modelo.Venta","id":10,"valor":0,"mes":"NOVIEMBRE"},"sig":{"info":{"@class":"modelo.Venta","id":11,"valor":0,"mes":"DICIEMBRE"}}}}}}}}}}}}},"size":12}},"sig":{"info":{"@class":"sucursal","id":4,"nombre":"Cuenca","ventas":{"cabecera":{"info":{"@class":"modelo.Venta","id":0,"valor":0,"mes":"ENERO"},"sig":{"info":{"@class":"modelo.Venta","id":1,"valor":23,"mes":"FEBRERO"},"sig":{"info":{"@class":"modelo.Venta","id":2,"valor":0,"mes":"MARZO"},"sig":{"info":{"@class":"modelo.Venta","id":3,"valor":0,"mes":"ABRIL"},"sig":{"info":{"@class":"modelo.Venta","id":4,"valor":0,"mes":"MAYO"},"sig":{"info":{"@class":"modelo.Venta","id":5,"valor":0,"mes":"JUNIO"},"sig":{"info":{"@class":"modelo.Venta","id":6,"valor":0,"mes":"JULIO"},"sig":{"info":{"@class":"modelo.Venta","id":7,"valor":0,"mes":"AGOSTO"},"sig":{"info":{"@class":"modelo.Venta","id":8,"valor":0,"mes":"SEPTIEMBRE"},"sig":{"info":{"@class":"modelo.Venta","id":9,"valor":0,"mes":"OCTUBRE"},"sig":{"info":{"@class":"modelo.Venta","id":10,"valor":0,"mes":"NOVIEMBRE"},"sig":{"info":{"@class":"modelo.Venta","id":11,"valor":0,"mes":"DICIEMBRE"}}}}}}}}}}}}},"size":12}},"sig":{"info":{"@class":"sucursal","id":5,"nombre":"Cristian ","ventas":{"cabecera":{"info":{"@class":"modelo.Venta","id":0,"valor":0,"mes":"ENERO"},"sig":{"info":{"@class":"modelo.Venta","id":1,"valor":0,"mes":"FEBRERO"},"sig":{"info":{"@class":"modelo.Venta","id":2,"valor":0,"mes":"MARZO"},"sig":{"info":{"@class":"modelo.Venta","id":3,"valor":0,"mes":"ABRIL"},"sig":{"info":{"@class":"modelo.Venta","id":4,"valor":0,"mes":"MAYO"},"sig":{"info":{"@class":"modelo.Venta","id":5,"valor":0,"mes":"JUNIO"},"sig":{"info":{"@class":"modelo.Venta","id":6,"valor":0,"mes":"JULIO"},"sig":{"info":{"@class":"modelo.Venta","id":7,"valor":0,"mes":"AGOSTO"},"sig":{"info":{"@class":"modelo.Venta","id":8,"valor":0,"mes":"SEPTIEMBRE"},"sig":{"info":{"@class":"modelo.Venta","id":9,"valor":0,"mes":"OCTUBRE"},"sig":{"info":{"@class":"modelo.Venta","id":10,"valor":0,"mes":"NOVIEMBRE"},"sig":{"info":{"@class":"modelo.Venta","id":11,"valor":0,"mes":"DICIEMBRE"}}}}}}}}}}}}},"size":12}},"sig":{"info":{"@class":"sucursal","id":6,"nombre":"David","ventas":{"cabecera":{"info":{"@class":"modelo.Venta","id":0,"valor":0,"mes":"ENERO"},"sig":{"info":{"@class":"modelo.Venta","id":1,"valor":40000,"mes":"FEBRERO"},"sig":{"info":{"@class":"modelo.Venta","id":2,"valor":0,"mes":"MARZO"},"sig":{"info":{"@class":"modelo.Venta","id":3,"valor":0,"mes":"ABRIL"},"sig":{"info":{"@class":"modelo.Venta","id":4,"valor":0,"mes":"MAYO"},"sig":{"info":{"@class":"modelo.Venta","id":5,"valor":0,"mes":"JUNIO"},"sig":{"info":{"@class":"modelo.Venta","id":6,"valor":0,"mes":"JULIO"},"sig":{"info":{"@class":"modelo.Venta","id":7,"valor":0,"mes":"AGOSTO"},"sig":{"info":{"@class":"modelo.Venta","id":8,"valor":0,"mes":"SEPTIEMBRE"},"sig":{"info":{"@class":"modelo.Venta","id":9,"valor":0,"mes":"OCTUBRE"},"sig":{"info":{"@class":"modelo.Venta","id":10,"valor":0,"mes":"NOVIEMBRE"},"sig":{"info":{"@class":"modelo.Venta","id":11,"valor":0,"mes":"DICIEMBRE"}}}}}}}}}}}}},"size":12}},"sig":{"info":{"@class":"sucursal","id":7,"nombre":"bbb","ventas":{"cabecera":{"info":{"@class":"modelo.Venta","id":0,"valor":0,"mes":"ENERO"},"sig":{"info":{"@class":"modelo.Venta","id":1,"valor":0,"mes":"FEBRERO"},"sig":{"info":{"@class":"modelo.Venta","id":2,"valor":0,"mes":"MARZO"},"sig":{"info":{"@class":"modelo.Venta","id":3,"valor":0,"mes":"ABRIL"},"sig":{"info":{"@class":"modelo.Venta","id":4,"valor":0,"mes":"MAYO"},"sig":{"info":{"@class":"modelo.Venta","id":5,"valor":0,"mes":"JUNIO"},"sig":{"info":{"@class":"modelo.Venta","id":6,"valor":0,"mes":"JULIO"},"sig":{"info":{"@class":"modelo.Venta","id":7,"valor":0,"mes":"AGOSTO"},"sig":{"info":{"@class":"modelo.Venta","id":8,"valor":0,"mes":"SEPTIEMBRE"},"sig":{"info":{"@class":"modelo.Venta","id":9,"valor":0,"mes":"OCTUBRE"},"sig":{"info":{"@class":"modelo.Venta","id":10,"valor":0,"mes":"NOVIEMBRE"},"sig":{"info":{"@class":"modelo.Venta","id":11,"valor":0,"mes":"DICIEMBRE"}}}}}}}}}}}}},"size":12}}}}}}}}},"size":7}}